dimension,score,reasoning,key_metrics,analyzed_at,source_tables
Financial Health,1,"Apple Inc. demonstrates strong financial health with a net income of $112 billion and a gross margin of 46.9%, indicating robust profitability. The operating margin of 32% further underscores efficient cost management and high earnings quality. These metrics reflect a well-managed company with a solid financial foundation.",Net Income; Gross Margin; Operating Margin,2026-02-12T17:58:42.805583+00:00,silver_financial_kpis.csv
Market Position,2,"With a revenue growth of 6.4% year-over-year, Apple maintains a competitive market position. Although the growth rate is moderate, the substantial revenue base of $416 billion highlights Apple's dominance in the electronic computers sector. The company's ability to sustain growth in a mature market is a positive indicator.",Revenue; Revenue YoY Change,2026-02-12T17:58:42.805583+00:00,silver_financial_kpis.csv
Operational Risk,1,"Apple's operational efficiency is evident from its high operating margin of 32% and significant free cash flow of $98.8 billion. These figures suggest effective cost management and a strong ability to convert revenue into cash, minimizing operational risks.",Operating Margin; Free Cash Flow,2026-02-12T17:58:42.805583+00:00,silver_financial_kpis.csv
Governance,3,"The debt-to-equity ratio of 3.87 indicates a high level of leverage, which could pose risks if not managed carefully. However, Apple's substantial cash reserves and strong operating cash flow provide a buffer against potential financial distress, reflecting a balanced capital structure.",Debt-to-Equity; Long-term Debt; Cash & Equivalents,2026-02-12T17:58:42.805583+00:00,silver_financial_kpis.csv
Liquidity,3,"Apple's current ratio of 0.89 suggests potential liquidity constraints, as current liabilities exceed current assets. However, the company's strong operating cash flow of $111.5 billion and cash reserves of $35.9 billion mitigate immediate liquidity risks, ensuring adequate cash flow to meet obligations.",Current Ratio; Operating Cash Flow; Cash & Equivalents,2026-02-12T17:58:42.805583+00:00,silver_financial_kpis.csv
COMPOSITE,2.0,Risk Level: Medium,,2026-02-12T17:58:42.805583+00:00,silver_financial_kpis.csv
RED_FLAG: High Leverage,Medium,Debt-to-Equity ratio of 3.87,,2026-02-12T17:58:42.805583+00:00,silver_financial_kpis.csv
RED_FLAG: Low Current Ratio,Medium,Current Ratio of 0.89,,2026-02-12T17:58:42.805583+00:00,silver_financial_kpis.csv
RED_FLAG: Moderate Revenue Growth,Low,Revenue YoY Change of 6.4%,,2026-02-12T17:58:42.805583+00:00,silver_financial_kpis.csv
